code,system
1TB1.,readv2
1TB2.,readv2
1TB..,readv2
1TB0.,readv2
1TB3.,readv2
E02y0,readv2
1V3..,readv2
13cQ.,readv2
1V...,readv2
1V6..,readv2
F116,readv2
F186,readv2
F189,readv2
F151,readv2
F181,readv2
F129,readv2
F18,readv2
F115,readv2
F158,readv2
F167,readv2
F165,readv2
F125,readv2
F12,readv2
F164,readv2
F150,readv2
F132,readv2
F183,readv2
F138,readv2
F153,readv2
F154,readv2
F13,readv2
F119,readv2
F11,readv2
F139,readv2
F114,readv2
F134,readv2
F123,readv2
F135,readv2
F187,readv2
F184,readv2
F162,readv2
F168,readv2
F16,readv2
F185,readv2
F188,readv2
F126,readv2
F130,readv2
F113,readv2
F120,readv2
F182,readv2
F159,readv2
F117,readv2
F163,readv2
F111,readv2
F137,readv2
F160,readv2
F118,readv2
F152,readv2
F161,readv2
F128,readv2
F127,readv2
F166,readv2
F155,readv2
F124,readv2
F112,readv2
F169,readv2
F156,readv2
F131,readv2
F133,readv2
F15,readv2
F136,readv2
F121,readv2
F122,readv2
F110,readv2
F157,readv2
F180,readv2
9N0Z.,readv2
7P220,readv2
8FB..,readv2
Z503,readv2
U2062,readv2
U2061,readv2
U2052,readv2
1V3K.,readv2
U2051,readv2
U1A52,readv2
U1A51,readv2
U1A62,readv2
1V3H.,readv2
U1A61,readv2
E2431,readv2
E2430,readv2
Eu126,readv2
Eu125,readv2
1T80.,readv2
T8410,readv2
1T81.,readv2
E2521,readv2
E243.,readv2
E252z,readv2
Eu127,readv2
Eu122,readv2
1T8..,readv2
13cE.,readv2
E252.,readv2
E2523,readv2
Eu124,readv2
1T82.,readv2
E2520,readv2
Eu121,readv2
E2433,readv2
E243z,readv2
E2522,readv2
Eu120,readv2
Eu12z,readv2
Eu123,readv2
Eu12y,readv2
1T83.,readv2
SL960,readv2
E2432,readv2
T407,readv2
9G21.,readv2
9NdN.,readv2
9G23.,readv2
9G2..,readv2
9G2Z.,readv2
9G22.,readv2
1V07.,readv2
U1A63,readv2
SL96z,readv2
SL96.,readv2
U1A50,readv2
U2064,readv2
SL50z,readv2
U1A55,readv2
U205y,readv2
U206y,readv2
U2060,readv2
U1A60,readv2
U2065,readv2
U2057,readv2
U1A53,readv2
U1A67,readv2
U406.,readv2
U1A5y,readv2
U2054,readv2
U205.,readv2
SL501,readv2
U2055,readv2
SyuFB,readv2
SyuFC,readv2
U1A64,readv2
SL50.,readv2
U2067,readv2
U1A6y,readv2
U2053,readv2
SL972,readv2
U4050,readv2
U2063,readv2
U1A6.,readv2
U1A57,readv2
SL970,readv2
U4060,readv2
U1A54,readv2
U1A65,readv2
U1A5.,readv2
U405.,readv2
SL502,readv2
U2050,readv2
Y12,readv2
Y129,readv2
X622,readv2
Y121,readv2
X629,readv2
X625,readv2
X428,readv2
Y128,readv2
X42,readv2
X424,readv2
X621,readv2
T403,readv2
Y125,readv2
X426,readv2
X628,readv2
Y123,readv2
Y122,readv2
X427,readv2
Y126,readv2
X620,readv2
X62,readv2
X627,readv2
T401,readv2
Y120,readv2
X422,readv2
X624,readv2
X425,readv2
X429,readv2
Y124,readv2
Y127,readv2
X626,readv2
X423,readv2
T404,readv2
X421,readv2
X623,readv2
X420,readv2
T402,readv2
T40,readv2
L1830,readv2
E2481,readv2
E245.,readv2
Eu152,readv2
L2550,readv2
E249z,readv2
Eu1A2,readv2
E244z,readv2
U206z,readv2
Eu162,readv2
E2490,readv2
E2493,readv2
E2402,readv2
E2470,readv2
E2491,readv2
E247z,readv2
8BAX.,readv2
U205z,readv2
Eu132,readv2
E240.,readv2
E245z,readv2
E242z,readv2
E246.,readv2
E248z,readv2
L1834,readv2
E2483,readv2
E2550,readv2
E2423,readv2
E248.,readv2
E2482,readv2
E2400,readv2
L183.,readv2
Eu192,readv2
E2492,readv2
E24..,readv2
SyuFD,readv2
L183z,readv2
Eu112,readv2
E2420,readv2
E240z,readv2
8BAd.,readv2
Eu182,readv2
E242.,readv2
E2480,readv2
E241.,readv2
U1A5z,readv2
Eu142,readv2
8HHL.,readv2
8I2N.,readv2
E2570,readv2
U1A6z,readv2
SL500,readv2
E24A.,readv2
8BA9.,readv2
E2460,readv2
E246z,readv2
E2560,readv2
E247.,readv2
E24z.,readv2
E249.,readv2
T409,readv2
T406,readv2
E2532,readv2
E2530,readv2
E253z,readv2
E25yz,readv2
E2531,readv2
13cB.,readv2
1T9..,readv2
1V01.,readv2
1V24.,readv2
1V05.,readv2
1V02.,readv2
1V23.,readv2
1T1..,readv2
1V2..,readv2
9N1yJ,readv2
9k53.,readv2
1V26.,readv2
E25z.,readv2
1V0..,readv2
1V04.,readv2
9k52.,readv2
E2594,readv2
1V03.,readv2
1V0E.,readv2
13c8.,readv2
dj3G.,readv2
dj3E.,readv2
8BAc.,readv2
13cD.,readv2
E2562,readv2
E2422,readv2
E2572,readv2
E2552,readv2
E2442,readv2
E2462,readv2
E2452,readv2
E2472,readv2
8HHd.,readv2
9HC6.,readv2
9HC4.,readv2
9HC5.,readv2
9NX2.,readv2
9HC7.,readv2
dj3L.,readv2
dj3M.,readv2
9HC8.,readv2
9HC2.,readv2
9HC3.,readv2
E02y.,readv2
E02yz,readv2
E02..,readv2
1V53.,readv2
13cT.,readv2
13cS.,readv2
13cG.,readv2
13cG0,readv2
13cR.,readv2
Eu187,readv2
Eu167,readv2
Eu165,readv2
Eu117,readv2
U4056,readv2
U4061,readv2
U4054,readv2
U4062,readv2
U4064,readv2
8B231,readv2
U406y,readv2
U4063,readv2
8BE0.,readv2
U4057,readv2
U206.,readv2
U4052,readv2
U4051,readv2
8BE..,readv2
8B230,readv2
8B2Q.,readv2
U4067,readv2
8BE1.,readv2
U405z,readv2
U4053,readv2
U4065,readv2
8B2M.,readv2
U406z,readv2
U4055,readv2
U405y,readv2
U4066,readv2
8B2P.,readv2
13c4.,readv2
13cN.,readv2
E02y2,readv2
1V1..,readv2
E02y1,readv2
8BAt.,readv2
9NN1.,readv2
13c1.,readv2
1V06.,readv2
1V64.,readv2
13c3.,readv2
146E.,readv2
13c9.,readv2
1V00.,readv2
djcD.,readv2
E02z.,readv2
9HC9.,readv2
U1A56,readv2
U2056,readv2
U2066,readv2
U1A66,readv2
1T4..,readv2
1T43.,readv2
1T40.,readv2
E257.,readv2
1T41.,readv2
E257z,readv2
T8420,readv2
Eu18z,readv2
Eu13z,readv2
Eu14z,readv2
Eu16z,readv2
8H7x.,readv2
ZV6D7,readv2
Eu15z,readv2
677T.,readv2
Eu11z,readv2
Z715,readv2
Eu113,readv2
T8520,readv2
1T63.,readv2
1T50.,readv2
E2563,readv2
1T61.,readv2
Eu141,readv2
Eu1A1,readv2
R10B0,readv2
1T5..,readv2
1T53.,readv2
1T6..,readv2
1T60.,readv2
SL850,readv2
1T51.,readv2
Eu147,readv2
F14,readv2
F144,readv2
F140,readv2
F143,readv2
F148,readv2
F147,readv2
F142,readv2
F141,readv2
T405,readv2
R782,readv2
F145,readv2
F146,readv2
F149,readv2
djcF.,readv2
djcE.,readv2
1V0C.,readv2
Ryu86,readv2
8AA..,readv2
9HC..,readv2
Eu13.,readv2
Eu145,readv2
Eu1A.,readv2
Eu135,readv2
Eu15y,readv2
Eu18.,readv2
Eu185,readv2
Eu15.,readv2
Eu12.,readv2
Eu14y,readv2
Eu1Ay,readv2
Eu14.,readv2
Eu115,readv2
Eu1Az,readv2
Eu13y,readv2
Eu16y,readv2
Eu19.,readv2
Eu155,readv2
Eu16.,readv2
Eu18y,readv2
Eu11y,readv2
Eu1A5,readv2
Eu11.,readv2
E02y4,readv2
1V10.,readv2
1V0D.,readv2
1V12.,readv2
13cK.,readv2
13c7.,readv2
Eu157,readv2
SL97z,readv2
Eu151,readv2
SL97.,readv2
T842.,readv2
1TA1.,readv2
1TA0.,readv2
1TA3.,readv2
1TA..,readv2
E254.,readv2
E254z,readv2
Eu19y,readv2
Eu19z,readv2
Eu114,readv2
Eu143,readv2
Eu164,readv2
Eu1A4,readv2
Eu193,readv2
Eu153,readv2
E020.,readv2
Eu133,readv2
Eu1A3,readv2
Eu154,readv2
Eu183,readv2
Eu163,readv2
Eu184,readv2
Eu194,readv2
Eu144,readv2
Eu134,readv2
djcw.,readv2
1V30.,readv2
1V34.,readv2
djcH.,readv2
1V37.,readv2
djct.,readv2
1V31.,readv2
djcv.,readv2
djcu.,readv2
djcz.,readv2
djcx.,readv2
1V38.,readv2
9No5.,readv2
13cM.,readv2
13cF.,readv2
13cH.,readv2
13c6.,readv2
9HCB.,readv2
13c5.,readv2
E2412,readv2
E2592,readv2
E25y2,readv2
L255.,readv2
L255z,readv2
1V22.,readv2
L2551,readv2
L2552,readv2
O355,readv2
9HC0.,readv2
8IE7.,readv2
9kS..,readv2
8Hh1.,readv2
9k5..,readv2
8HkF.,readv2
9N6g.,readv2
9N6a.,readv2
1V3M.,readv2
1V3N.,readv2
1T32.,readv2
1T33.,readv2
1T3..,readv2
1T31.,readv2
1T30.,readv2
8CR9.,readv2
E0211,readv2
E021.,readv2
1T73.,readv2
SyuFE,readv2
1T70.,readv2
1T71.,readv2
E021z,readv2
1T7..,readv2
13cG1,readv2
dj3K.,readv2
dj3N.,readv2
E2461,readv2
E2401,readv2
E2561,readv2
E25y1,readv2
E2451,readv2
E2411,readv2
E2591,readv2
13cC.,readv2
E2421,readv2
E2441,readv2
E2551,readv2
E2471,readv2
E2571,readv2
1T12.,readv2
1T03.,readv2
1TA2.,readv2
1T22.,readv2
1TD2.,readv2
1T52.,readv2
1TC2.,readv2
1T62.,readv2
1T42.,readv2
1T72.,readv2
1T92.,readv2
1V32.,readv2
1V33.,readv2
T8415,readv2
SL964,readv2
Eu116,readv2
Eu146,readv2
Eu136,readv2
Eu186,readv2
Eu156,readv2
Eu1A6,readv2
Eu196,readv2
Eu166,readv2
E2440,readv2
E2450,readv2
Eu131,readv2
E2542,readv2
E2540,readv2
Eu137,readv2
E2541,readv2
Eu195,readv2
Eu197,readv2
Eu191,readv2
1T11.,readv2
1T91.,readv2
1T...,readv2
1T93.,readv2
1TD3.,readv2
ZV114,readv2
1T02.,readv2
1T13.,readv2
1T23.,readv2
1V36.,readv2
8HHe.,readv2
L1831,readv2
E255z,readv2
E255.,readv2
E2410,readv2
E25y.,readv2
E259.,readv2
1463,readv2
E241z,readv2
E256.,readv2
E25..,readv2
L1833,readv2
du24.,readv2
E253.,readv2
E244.,readv2
E256z,readv2
1V3D.,readv2
1V3F.,readv2
1V3E.,readv2
1V3G.,readv2
1P30.,readv2
1V11.,readv2
1P31.,readv2
8Hl5.,readv2
8B2R.,readv2
1V0A.,readv2
8B2N.,readv2
8B23.,readv2
8B2S.,readv2
8B2T.,readv2
1TE..,readv2
1TF..,readv2
E259z,readv2
1T90.,readv2
1T10.,readv2
1V41.,readv2
1V4..,readv2
1V40.,readv2
djcW.,readv2
djcY.,readv2
djcX.,readv2
djcR.,readv2
djcO.,readv2
djcT.,readv2
djcG.,readv2
djcJ.,readv2
djcQ.,readv2
djcN.,readv2
djcS.,readv2
djcP.,readv2
djc7.,readv2
djc8.,readv2
djcA.,readv2
djc4.,readv2
djc9.,readv2
djcB.,readv2
8FB0.,readv2
L1832,readv2
9k50.,readv2
1V52.,readv2
1V51.,readv2
1V5..,readv2
1V50.,readv2
E258z,readv2
E2583,readv2
E258.,readv2
1TC3.,readv2
1TC1.,readv2
E2582,readv2
1TC0.,readv2
E2581,readv2
E2580,readv2
1TC..,readv2
djcs.,readv2
djcV.,readv2
djcU.,readv2
1TD1.,readv2
1TD0.,readv2
1TD..,readv2
djcZ.,readv2
djcM.,readv2
djc2.,readv2
djcr.,readv2
1V3B.,readv2
1V3C.,readv2
9k51.,readv2
1V35.,readv2
1V3A.,readv2
T801.,readv2
T8414,readv2
T800.,readv2
T841.,readv2
E2463,readv2
E2553,readv2
E2533,readv2
E2573,readv2
E25y3,readv2
E2593,readv2
E2543,readv2
E2403,readv2
du22.,readv2
djcy.,readv2
du23.,readv2
djcK.,readv2
djc3.,readv2
djcC.,readv2
djc6.,readv2
djc5.,readv2
djcL.,readv2
du42.,readv2
du41.,readv2
dj3c.,readv2
1V09.,readv2
1V08.,readv2
13cA.,readv2
Eu181,readv2
Eu111,readv2
Eu161,readv2
du2..,readv2
du4..,readv2
du21.,readv2
1T21.,readv2
1T2..,readv2
1V66.,readv2
1T20.,readv2
Eu1A7,readv2
1TG..,readv2
Eu1..,readv2
F19,readv2
F194,readv2
F199,readv2
F195,readv2
F191,readv2
F197,readv2
F192,readv2
F193,readv2
F190,readv2
F196,readv2
F198,readv2
1T0..,readv2
1V65.,readv2
1T00.,readv2
1T01.,readv2
dj38.,readv2
dj37.,readv2
dj36.,readv2
dj3P.,readv2
dj3R.,readv2
dj3S.,readv2
dj3Q.,readv2
dj3O.,readv2
13cJ.,readv2
13c0.,readv2
SL961,readv2
T408,readv2
1V44.,readv2
1V42.,readv2
1V3J.,readv2
1V3L.,readv2
1V43.,readv2
Eu140,readv2
Eu180,readv2
Eu190,readv2
Eu160,readv2
Eu130,readv2
Eu110,readv2
Eu1A0,readv2
Eu150,readv2
E022.,readv2
djcp.,readv2
djcq.,readv2
djco.,readv2
E0210,readv2
E02y3,readv2
dj3T.,readv2
dj3V.,readv2
dj3U.,readv2
dj3u.,readv2
dj3v.,readv2
9N6b.,readv2
dj3d.,readv2
dj3e.,readv2
9HCA.,readv2
13cM0,readv2
13c2.,readv2
13cL.,readv2
E2453,readv2
E2413,readv2
E2473,readv2
E2443,readv2
R10B1,readv2
R10B2,readv2
R10B4,readv2
R781,readv2
R785,readv2
R783,readv2
dj3D.,readv2
dj3F.,readv2
146C.,readv2
8Hq..,readv2
T8023,readv2
T400,readv2
8Hl6.,readv2
13cM1,readv2
djc..,readv2
1V0B.,readv2
djc1.,readv2
8BAx.,readv2
8BAv.,readv2
9HCC.,readv2
SL963,readv2
T8413,readv2
E2590,readv2
E25y0,readv2
1V55.,readv2
9HC1.,readv2
1V54.,readv2
R784,readv2
T436,readv2